CustomerID,Tenure,MonthlyCharges,TotalCharges,PaperlessBilling,SeniorCitizen,Churn,Contract_One year,Contract_Two year,PaymentMethod_Credit Card,PaymentMethod_Electronic Check,Customer_Lifetime_Value,High_Value_Customer,High_Monthly_Charge,Payment_Efficiency,Tenure_Group_Medium,Tenure_Group_Long
C00001,-1.4788065081594703,0.2458100558659218,1540,0,1,0,True,False,True,False,-0.36350551038556816,0,0,-3216.3305505594562,False,False
C00002,-0.7522868690139163,0.5195530726256984,1753,1,1,0,False,False,False,True,-0.3908529542921465,0,0,7076.734257169765,False,False
C00003,-0.4616790133556946,0.06145251396648045,1455,0,1,0,False,True,True,False,-0.028371336016271738,0,0,2702.8483676067203,True,False
C00004,0.7976216944965991,0.050279329608938536,7150,0,1,0,False,False,False,True,0.04010388408083458,1,0,3977.4775871306256,False,True
C00005,-0.9944600820624343,0.9217877094972068,1023,0,1,0,True,False,False,True,-0.9166810812307357,0,1,184659.77502358417,False,False
C00006,0.8944909797160063,0.13407821229050282,7538,0,0,0,False,True,False,True,0.11993175147030255,1,0,3978.905194433802,False,True
C00007,1.4272720484227461,0.44134078212290506,4178,0,1,0,False,True,False,False,0.6299133621530556,1,0,1721.273889638735,False,True
C00008,1.185098835374228,0.6033519553072626,3088,0,1,0,False,False,False,False,0.7150316995554001,1,1,1413.2083867369495,False,True
C00009,1.3304027632033388,0.5810055865921788,7973,0,1,0,False,False,True,False,0.7729714378388115,1,1,3421.2970074925697,False,True
C00010,-1.0913293672818414,0.558659217877095,5844,1,1,0,True,False,False,False,-0.6096812107719785,0,1,-63988.1800775591,False,False
C00011,1.0882295501548207,0.20670391061452514,5168,1,0,0,True,False,True,False,0.22494130366328696,1,0,2474.8237087330012,False,True
C00012,-1.4303718655497668,0.5027932960893855,7282,0,1,1,False,False,False,True,-0.7191813849132906,0,0,-16920.251026859776,False,False
C00013,0.7976216944965991,0.3687150837988827,3438,1,1,0,False,False,False,False,0.29409514992612035,1,0,1912.5269852524602,False,True
C00014,-1.381937222940063,0.7709497206703911,6194,0,1,1,False,False,True,False,-1.0654041160096577,0,1,-16217.324806207791,False,False
C00015,0.7976216944965991,0.2122905027932961,768,1,1,0,False,False,True,False,0.16932751056352383,1,0,427.2311590092756,False,True
C00016,1.3788374058130424,0.31843575418994413,4071,1,1,0,False,False,True,False,0.4390711292253822,1,0,1711.3401656001822,False,True
C00017,-0.8491561542333235,0.9329608938547486,4874,0,0,0,False,True,True,False,-0.7922294846757822,0,1,32311.560178192787,False,False
C00018,0.2648406257898595,0.45251396648044695,3736,1,0,0,True,False,False,False,0.11984408206133308,1,0,2953.7318171346424,True,False
C00019,-1.4303718655497668,0.7597765363128492,5389,1,0,1,True,False,False,False,-1.0867629816467503,0,1,-12521.729302904057,False,False
C00020,-0.5101136559653983,0.4748603351955307,6868,1,1,0,False,False,False,False,-0.24223274165954667,0,0,14019.578385134366,False,False
C00021,0.07110205535104507,0.6536312849162011,1000,0,1,0,False,False,False,True,0.046474527799286444,1,1,933.6178518229601,True,False
C00022,-0.5585482985751018,0.558659217877095,4855,1,0,0,False,True,True,False,-0.31203815562854853,0,1,10997.805613454986,False,False
C00023,1.1366641927645245,0.111731843575419,1755,0,1,0,True,False,True,False,0.12700158578374576,1,0,821.3738059274967,False,True
C00024,-0.3163750855265838,0.44692737430167595,3710,0,1,0,False,True,True,False,-0.14139668626886426,0,0,5426.952589722019,True,False
C00025,-0.5585482985751018,0.9664804469273743,7565,0,0,0,False,False,False,False,-0.5398260092373889,0,1,17136.642526423682,False,False
C00026,0.5070138388383775,0.899441340782123,3295,0,1,0,True,False,True,False,0.4560292069998815,1,1,2186.4430936744557,False,True
C00027,1.1366641927645245,0.45251396648044695,3741,0,1,0,False,False,False,False,0.5143564224241703,1,0,1750.8600615240828,False,True
C00028,-0.8007215116236198,0.2011173184357542,3950,0,1,0,True,False,False,False,-0.161038963231566,0,0,19821.507239354294,False,False
C00029,-0.02576722986836215,0.8659217877094972,3682,0,0,0,True,False,False,False,-0.022312405751933703,0,1,3779.384263067326,True,False
C00030,-0.12263651508776936,0.9497206703910616,7540,0,1,0,True,False,False,False,-0.11647043332357986,0,1,8593.929573846219,True,False
C00031,-0.413244370745991,0.45251396648044695,4643,1,1,0,True,False,False,True,-0.18699884933198477,0,0,7913.004611311578,True,False
C00032,-1.285067937720656,0.9832402234636871,4825,1,0,1,False,False,True,False,-1.2635304862504773,0,1,-16925.78982603129,False,False
C00033,0.3132752683995631,0.9050279329608938,7129,1,0,0,True,False,False,True,0.2835228686074258,1,1,5428.412589150355,True,False
C00034,-0.21950580030717656,0.9776536312849163,7139,1,1,0,True,False,False,False,-0.21460064275841287,0,1,9146.768807262979,True,False
C00035,1.1366641927645245,0.13407821229050282,1302,0,1,0,True,False,True,False,0.15240190294049494,1,0,609.3610799530488,False,True
C00036,0.6523177666674883,0.5363128491620112,690,0,1,0,False,False,True,False,0.34984640000044065,1,1,417.5952192244722,False,True
C00037,0.02266741274134146,0.12290502793296089,947,0,0,0,False,False,False,True,0.0027859389961425256,0,0,926.0097546879791,True,False
C00038,1.2335334779839315,0.8156424581005587,6225,1,1,0,False,True,False,True,1.0061222781321453,1,1,2787.0636645298514,False,True
C00039,0.6523177666674883,0.3575418994413408,858,0,0,0,False,False,True,False,0.2332309333336271,1,0,519.2705769486915,False,True
C00040,-0.5101136559653983,0.7318435754189945,1952,0,0,0,False,True,False,True,-0.37332340185177193,0,1,3984.597700608952,False,False
C00041,0.2648406257898595,0.0,1950,1,1,0,False,True,True,False,0.0,0,0,1541.6962107635313,True,False
C00042,-1.4303718655497668,0.7150837988826816,2701,1,0,0,False,True,True,False,-1.0228357474322356,0,1,-6275.96786920465,False,False
C00043,1.2819681205936353,0.38547486033519557,6547,1,0,0,True,False,False,True,0.4941664822400047,1,0,2869.01466366535,False,True
C00044,0.2648406257898595,0.5754189944134078,3913,0,1,0,False,False,True,False,0.1523943265718186,1,1,3093.670396265486,True,False
C00045,-0.12263651508776936,0.4078212290502794,3344,1,0,0,False,True,True,False,-0.05001377430953723,0,0,3811.419163785379,True,False
C00046,-0.21950580030717656,0.8379888268156425,4773,0,1,0,False,True,True,False,-0.18394340807863957,0,1,6115.35614470741,True,False
C00047,-0.7038522264042126,0.1452513966480447,7555,0,1,0,False,False,False,False,-0.10223551891904765,0,0,25510.912705059985,False,False
C00048,0.02266741274134146,0.7932960893854749,3735,1,1,0,False,False,False,True,0.017981969884192667,1,1,3652.213763209717,True,False
C00049,0.94292562232571,0.16201117318435754,3376,0,0,0,False,False,False,False,0.1527644862985787,1,0,1737.5858145093991,False,True
C00050,0.6038831240577848,0.5642458100558659,5161,1,0,0,True,False,False,False,0.34073852251305176,1,1,3217.81551447639,False,True
C00051,1.669445261471264,0.8491620111731844,416,0,1,0,False,False,False,True,1.4176294957744813,1,1,155.83762139805847,False,True
C00052,-0.2679404429168802,0.7486033519553073,7537,1,1,0,False,True,True,False,-0.20058111369196616,0,1,10295.610414583018,True,False
C00053,0.7976216944965991,0.1564245810055866,1497,0,0,0,True,False,True,False,0.12476763936259652,1,0,832.7669857251113,False,True
C00054,0.6038831240577848,0.2681564245810056,2615,1,1,0,False,False,False,False,0.1619351394121434,1,0,1630.4180527718968,False,True
C00055,-1.3335025803303595,0.7653631284916201,7022,0,0,1,False,False,False,False,-1.0206137067332919,0,1,-21055.309356359936,False,False
C00056,0.5070138388383775,0.1899441340782123,6827,1,0,0,False,True,False,False,0.0963043045838259,1,0,4530.150834754328,False,True
C00057,1.0397949075451172,0.5642458100558659,3537,0,1,0,True,False,True,False,0.5866999198997589,1,1,1733.9978577830464,False,True
C00058,1.0882295501548207,0.2905027932960894,7053,1,0,0,False,False,False,False,0.31613372406732226,1,0,3377.502248005778,False,True
C00059,-0.02576722986836215,0.10055865921787709,3792,1,1,0,True,False,False,False,-0.0025911180873213332,0,0,3892.2936245386477,True,False
C00060,-0.5101136559653983,0.9050279329608938,7074,0,0,0,False,False,True,False,-0.4616671076334889,0,1,14440.08408509617,False,False
C00061,-0.655417583794509,0.9329608938547486,5608,0,1,0,False,False,False,True,-0.6114789748250447,0,1,16274.771248500621,False,False
C00062,-1.285067937720656,0.9776536312849163,4284,0,0,1,False,True,False,True,-1.2563513357604181,0,1,-15027.99660408664,False,False
C00063,0.7976216944965991,0.6033519553072626,5803,0,0,0,True,False,False,False,0.48124660897001514,1,1,3228.1541871495133,False,True
C00064,-0.5585482985751018,0.8715083798882682,4496,0,1,0,True,False,False,False,-0.4867795227805357,0,1,10184.579616497142,False,False
C00065,1.3788374058130424,0.893854748603352,4142,1,0,0,True,False,True,False,1.232480362737915,1,1,1741.1866779454567,False,True
C00066,-1.6241104359885812,0.670391061452514,2541,0,1,0,True,False,False,True,-1.0887891190984902,0,1,-4071.394826101723,False,False
C00067,0.7976216944965991,0.22905027932960897,3631,0,0,0,True,False,False,False,0.18269547192380206,1,0,2019.8910655764057,False,True
C00068,1.2335334779839315,0.23463687150837992,3016,1,0,0,False,True,True,False,0.28943243617500075,1,0,1350.3267489513303,False,True
C00069,-1.6725450785982847,0.45810055865921795,1333,1,0,1,False,True,True,False,-0.7661938348885998,0,0,-1982.0232760876524,False,False
C00070,0.7976216944965991,0.005586592178770944,6828,0,0,0,True,False,True,False,0.004455987120092728,0,0,3798.3520230668405,False,True
C00071,1.5725759762518567,0.7430167597765364,1418,0,0,0,False,False,False,True,1.168450306377078,1,1,551.1984925187597,False,True
C00072,1.5241413336421532,0.7430167597765364,1930,1,0,0,True,False,False,True,1.1324625551642815,1,1,764.61645561469,False,True
C00073,-1.1397640098915451,0.5865921787709497,3696,0,1,0,False,True,True,False,-0.6685766538469957,0,1,-26444.576131352005,False,False
C00074,-1.6725450785982847,0.7374301675977654,2038,0,0,1,False,False,False,False,-1.2333851976255508,0,1,-3030.280147536861,False,False
C00075,1.6210106188615605,0.31843575418994413,7593,1,0,0,False,True,False,True,0.5161877389670891,1,0,2896.9741462924826,False,True
C00076,-0.07420187247806576,0.8379888268156425,936,1,0,0,True,False,False,False,-0.062180340065418234,0,1,1011.01954321875,True,False
C00077,-1.5756757933788776,0.12849162011173182,7302,1,0,1,False,False,True,False,-0.20246113546209038,0,0,-12684.2227586843,False,False
C00078,0.2164059831801559,0.4972067039106145,7937,1,1,0,False,True,False,False,0.10759850560354119,1,0,6524.959684306724,True,False
C00079,-1.381937222940063,0.4189944134078213,3792,1,1,0,True,False,False,False,-0.5790239760922052,0,0,-9928.333171640288,False,False
C00080,0.5070138388383775,0.6592178770949721,6406,1,0,0,False,True,True,False,0.33423258649680754,1,1,4250.790427337955,False,True
C00081,-0.07420187247806576,0.664804469273743,5211,0,0,0,False,True,False,False,-0.04932973645189846,0,1,5628.656880035156,True,False
C00082,-0.3163750855265838,0.7932960893854749,3917,0,0,0,True,False,True,False,-0.25097911812723406,0,1,5729.75021400031,True,False
C00083,-0.4616790133556946,0.6815642458100559,1908,0,1,0,False,True,False,False,-0.31466390854410475,0,1,3544.3537356657203,True,False
C00084,0.6523177666674883,0.6759776536312849,4412,0,0,0,False,False,True,False,0.4409522333338888,1,1,2670.1885611860453,False,True
C00085,0.700752409277192,0.6480446927374302,4725,1,1,0,False,True,False,False,0.4541188797550518,1,1,2778.1821588058738,False,True
C00086,1.2819681205936353,0.050279329608938536,7685,1,1,0,False,True,True,False,0.06445649768347886,1,0,3367.7069940840406,False,True
C00087,0.3132752683995631,0.46368715083798884,2856,0,1,0,True,False,False,True,0.14526171663219967,1,0,2174.715437594812,True,False
C00088,0.16797134057045227,0.4916201117318436,2650,0,1,0,True,False,False,True,0.0825780892189933,1,0,2268.891288638731,True,False
C00089,0.2164059831801559,0.8770949720670391,4075,1,0,0,True,False,False,False,0.18980859977253897,1,1,3350.0328478707193,True,False
C00090,-0.7522868690139163,0.5921787709497207,7735,1,0,0,True,False,True,False,-0.4454883134942745,0,1,31225.6357553954,False,False
C00091,-1.6241104359885812,0.9385474860335196,2422,0,1,0,False,True,True,False,-1.5243047667378862,0,1,-3880.7234430611466,False,False
C00092,0.2648406257898595,0.5698324022346369,1294,0,0,0,False,True,False,False,0.15091477000316017,1,1,1023.053793193851,True,False
C00093,-0.897590796843027,0.050279329608938536,7469,1,0,0,False,False,False,True,-0.04513026352842034,0,0,72932.89831140962,False,False
C00094,0.8944909797160063,0.9664804469273743,4344,0,1,0,False,True,False,False,0.8645080418484308,1,1,2292.9642033192404,False,True
C00095,-0.7522868690139163,0.670391061452514,3171,0,1,0,True,False,False,True,-0.5043263926350278,0,1,12801.0977350173,False,False
C00096,-0.8007215116236198,0.7262569832402235,1780,1,0,0,False,False,False,True,-0.5815295894473217,0,1,8932.223515455858,False,False
C00097,-1.0428947246721378,0.111731843575419,510,0,0,0,False,False,False,False,-0.11652455024269698,0,0,-11889.573925421864,False,False
C00098,0.2648406257898595,0.8491620111731844,1168,0,1,0,False,False,False,False,0.2248925984360818,1,1,923.4364995752844,True,False
C00099,-1.285067937720656,0.6871508379888268,3353,0,1,1,False,True,False,True,-0.8830355102773223,0,1,-11762.10845319853,False,False
C00100,0.11953669796074867,0.3575418994413408,7566,0,1,0,True,False,False,True,0.04273937804183193,1,0,6758.152737450744,True,False
C00101,1.4272720484227461,0.8379888268156425,1059,0,1,0,False,False,False,True,1.1960380294045359,1,1,436.2922568519436,False,True
C00102,0.6523177666674883,0.6145251396648045,1087,1,1,0,True,False,False,True,0.4008656666671716,1,1,657.8637728942048,False,True
C00103,0.3617099110092667,0.32402234636871513,6369,1,1,0,True,False,False,False,0.11720209407004174,1,0,4677.207640560867,True,False
C00104,-1.4303718655497668,0.10614525139664806,6651,1,1,0,True,False,False,True,-0.15182718125947248,0,0,-15454.077118874537,False,False
C00105,-1.6241104359885812,0.5307262569832403,5547,0,0,1,False,True,False,False,-0.8619580526196381,0,1,-8887.850098538473,False,False
C00106,-0.7522868690139163,0.30726256983240224,7026,1,1,0,False,True,False,False,-0.2311495966243877,0,0,28363.454016471635,False,False
C00107,-1.6241104359885812,0.21787709497206703,7111,1,1,1,False,False,True,False,-0.3538564637070093,0,0,-11393.816847071765,False,False
C00108,-0.897590796843027,0.2011173184357542,7925,0,0,0,True,False,False,True,-0.1805210541136814,0,0,77385.623124638,False,False
C00109,0.5554484814480811,0.7374301675977654,4042,1,1,0,True,False,False,True,0.40960446676618273,1,1,2598.607442296646,False,True
C00110,-0.21950580030717656,0.02234636871508379,2939,1,1,0,False,True,False,True,-0.00490515754876372,0,0,3765.562897401022,True,False
C00111,0.2164059831801559,0.3798882681564246,3461,1,1,0,True,False,False,False,0.08221009416899777,1,0,2845.267162326518,True,False
C00112,0.8944909797160063,0.3743016759776537,3353,0,1,0,False,True,True,False,0.3348094728545946,1,0,1769.8685482802518,False,True
C00113,-1.0428947246721378,0.45810055865921795,1746,0,1,0,False,False,True,False,-0.4777506559950576,0,0,-40704.3060270325,False,False
C00114,-0.2679404429168802,0.5083798882681565,2539,0,0,0,False,False,True,False,-0.13621553243260393,0,0,3468.2970469187053,True,False
C00115,-0.17107115769747297,0.782122905027933,2315,0,0,0,True,False,False,False,-0.1337986708248392,0,1,2792.760828021851,True,False
C00116,1.6210106188615605,0.8044692737430168,5320,0,0,0,True,False,True,False,1.3040532352852778,1,1,2029.7514102826296,False,True
C00117,-1.0913293672818414,0.9329608938547486,2225,1,0,0,False,True,False,True,-1.018167621989204,0,1,-24362.37177833145,False,False
C00118,-0.07420187247806576,0.43575418994413406,4023,1,0,0,False,True,False,False,-0.03233377683401748,0,0,4345.439767488281,True,False
C00119,0.94292562232571,0.35195530726256985,562,1,0,0,False,False,False,False,0.33186767713139514,1,0,289.25451059072344,False,True
C00120,1.2335334779839315,0.30726256983240224,2451,0,0,0,True,False,True,False,0.37901866641964377,1,0,1097.3643440582596,False,True
C00121,-0.3163750855265838,0.4860335195530726,6906,1,1,0,True,False,True,False,-0.15376889631738988,0,0,10102.030885342389,True,False
C00122,-1.0428947246721378,0.7094972067039107,2687,0,0,0,True,False,False,True,-0.7399308940411258,0,1,-62641.73556393833,False,False
C00123,0.2164059831801559,0.5251396648044693,2419,0,1,0,False,True,False,False,0.11364336546890867,1,1,1988.6452660120908,True,False
C00124,-0.4616790133556946,0.16759776536312848,2751,1,1,0,False,True,False,True,-0.07737637095346836,0,0,5110.333923907964,True,False
C00125,-1.5756757933788776,0.8770949720670391,950,1,0,1,False,False,True,False,-1.3820173159803564,0,1,-1650.2344043755252,False,False
C00126,1.2335334779839315,0.9106145251396648,7208,1,1,0,False,True,False,True,1.123273502298217,1,1,3227.1734769367336,False,True
C00127,-0.2679404429168802,0.23463687150837992,5887,0,1,0,True,False,False,False,-0.06286870727658642,0,0,8041.695437262866,True,False
C00128,-1.1397640098915451,0.6536312849162011,7128,1,0,0,True,False,False,False,-0.7449854142866524,0,1,-51000.25396760744,False,False
C00129,-0.8007215116236198,0.888268156424581,2692,1,1,0,False,False,False,False,-0.7112554209394165,0,1,13508.733541352343,False,False
C00130,-1.381937222940063,0.8603351955307263,3979,1,0,1,False,True,True,False,-1.188929230909328,0,1,-10417.942428786051,False,False
C00131,-1.6725450785982847,0.5865921787709497,7858,0,1,1,False,False,False,True,-0.9811018617475972,0,1,-11683.975171415434,False,False
C00132,-1.6241104359885812,0.3296089385474861,891,0,1,1,False,False,True,False,-0.5353213168900911,0,0,-1427.6319520096952,False,False
C00133,0.5554484814480811,0.4022346368715084,5908,1,0,0,False,True,False,False,0.22342061823609968,1,0,3798.261447077829,False,True
C00134,-1.0428947246721378,0.04469273743016759,6569,0,1,0,False,False,True,False,-0.04660982009707878,0,0,-153142.37473744358,False,False
C00135,1.3304027632033388,0.45251396648044695,5706,1,1,0,False,False,False,False,0.6020258313936897,1,0,2448.5037908883237,False,True
C00136,0.7491870518868955,0.7374301675977654,4318,1,0,0,False,True,False,False,0.5524731332350291,1,1,2468.575327802739,False,True
C00137,-1.285067937720656,0.6368715083798883,4476,0,0,1,False,False,False,True,-0.8184231558667865,0,1,-15701.520261412652,False,False
C00138,-0.3163750855265838,0.9385474860335196,4095,1,0,0,False,True,False,True,-0.29693304116461494,0,1,5990.12691507053,True,False
C00139,-0.4616790133556946,0.26256983240223464,3567,1,1,0,False,False,True,False,-0.12122298116043378,0,0,6626.1581630606,True,False
C00140,-1.6725450785982847,0.9162011173184358,5021,1,1,1,True,False,False,True,-1.5323876697771994,0,1,-7465.67056956947,False,False
C00141,0.45857919622867394,0.5139664804469274,6817,0,0,0,False,True,False,True,0.2356943354918324,1,0,4673.726334247839,True,False
C00142,-1.2366332951109522,0.5307262569832403,1713,1,1,1,False,True,False,False,-0.6563137599750865,0,1,-7239.04892249762,False,False
C00143,1.3304027632033388,0.8212290502793297,3677,0,0,0,False,False,False,False,1.0925653977144738,1,1,1577.8388431644526,False,True
C00144,1.3788374058130424,0.15083798882681565,5540,1,1,0,True,False,False,False,0.20798106121202317,1,0,2328.868709758047,False,True
C00145,-0.7522868690139163,0.8547486033519553,7651,1,0,0,False,True,False,False,-0.6430161506096603,0,1,30886.533828639975,False,False
C00146,-0.36480972813628737,0.12290502793296089,2058,0,1,0,True,False,True,False,-0.04483694982680627,0,0,3239.974053698303,True,False
C00147,-1.4788065081594703,0.6312849162011174,7448,0,0,1,True,False,True,False,-0.9335482425811182,0,1,-15555.344117251188,False,False
C00148,-0.12263651508776936,0.02234636871508379,2004,1,1,0,False,True,False,False,-0.0027404807840842303,0,0,2284.11602997186,True,False
C00149,-0.8007215116236198,0.5251396648044693,1250,1,0,0,True,False,False,False,-0.42049062621575567,0,1,6272.6288732133835,False,False
C00150,0.2648406257898595,0.6256983240223464,3139,0,0,0,False,False,False,True,0.1657103356897445,1,1,2481.735592608577,True,False
C00151,-1.5272411507691739,0.4748603351955307,5965,0,0,1,True,False,True,False,-0.7252262447786579,0,0,-11313.608566588302,False,False
C00152,0.4101445536189703,0.664804469273743,7654,0,1,0,False,False,True,False,0.2726659322941758,1,1,5427.812333392991,True,False
C00153,-0.7522868690139163,0.7597765363128492,6366,0,0,0,False,True,False,True,-0.5715699116530314,0,1,25699.081734821862,False,False
C00154,0.02266741274134146,0.7709497206703911,3355,0,0,0,False,True,False,True,0.017475435521257663,1,1,3280.6364593222493,True,False
C00155,1.5241413336421532,0.111731843575419,5920,1,1,0,False,False,False,False,0.17029512107733558,1,0,2345.3520296574948,False,True
C00156,-0.5101136559653983,0.7150837988826816,4601,1,0,0,True,False,False,False,-0.36477401096967027,0,1,9391.974395748866,False,False
C00157,-0.5101136559653983,0.32402234636871513,5632,1,1,0,False,True,False,True,-0.16528822372063187,0,0,11496.544185363533,False,False
C00158,-1.7209797212079883,0.3687150837988827,7217,1,0,0,False,True,False,False,-0.6345511821213812,0,0,-10009.990278101095,False,False
C00159,0.5070138388383775,0.9050279329608938,3250,0,1,0,True,False,False,True,0.4588616865464645,1,1,2156.58271758482,False,True
C00160,-0.3163750855265838,0.7486033519553073,4096,1,0,0,True,False,False,False,-0.23683944950034763,0,1,5991.589705525981,True,False
C00161,0.700752409277192,0.32402234636871513,984,1,1,0,False,False,False,True,0.22705943987752591,1,0,578.5674591036994,False,True
C00162,-1.1397640098915451,0.3910614525139665,347,1,0,0,True,False,False,True,-0.44571776923133055,0,0,-2482.7564712064786,False,False
C00163,1.3304027632033388,0.9217877094972068,3916,1,1,0,True,False,True,False,1.2263489158019605,1,1,1680.3962224182746,False,True
C00164,1.1366641927645245,0.8435754189944135,220,0,1,0,False,False,True,False,0.9588619726672805,1,1,102.96423778008506,False,True
C00165,1.5725759762518567,0.1564245810055866,3419,1,1,0,True,False,False,False,0.24598953818464797,1,0,1329.01808598141,False,True
C00166,0.16797134057045227,0.4748603351955307,791,1,0,0,True,False,True,False,0.07976292708652762,1,0,677.2426450238628,True,False
C00167,-0.655417583794509,0.5027932960893855,6723,1,1,0,False,True,False,False,-0.3295395672709822,0,0,19510.571880112282,False,False
C00168,0.2648406257898595,0.335195530726257,5832,0,1,0,True,False,False,True,0.088773394119506,1,0,4610.857590345085,True,False
C00169,-1.1397640098915451,0.44134078212290506,2938,0,0,0,False,False,True,False,-0.5030243395610731,0,0,-21021.148450733817,False,False
C00170,-0.6069829411848054,0.3575418994413408,6882,1,0,0,True,False,True,False,-0.21702183371970699,0,0,17510.690301196497,False,False
C00171,-0.7038522264042126,0.22905027932960897,5363,1,1,0,False,True,False,False,-0.16121754906465208,0,0,18109.202493347017,False,False
C00172,-1.285067937720656,0.5307262569832403,3717,1,0,1,True,False,False,True,-0.6820192965556555,0,1,-13038.997053545761,False,False
C00173,1.2335334779839315,0.782122905027933,1811,1,1,0,False,False,True,False,0.9647747872500024,1,1,810.8228588696483,False,True
C00174,-1.5272411507691739,0.6983240223463687,1090,0,1,1,False,False,True,False,-1.0665091834980265,0,1,-2067.365186518231,False,False
C00175,-0.8007215116236198,0.3128491620111732,6396,1,1,0,False,True,True,False,-0.2505050539157693,0,0,32095.787418458243,False,False
C00176,1.5241413336421532,0.26256983240223464,1797,0,1,0,False,True,False,True,0.40019353453173856,1,0,711.9252698132632,False,True
C00177,0.2648406257898595,0.16759776536312848,279,0,0,0,True,False,False,True,0.04438669705975299,1,0,220.58115015539755,True,False
C00178,-1.6241104359885812,0.893854748603352,3232,0,0,0,True,False,False,False,-1.4517188254646536,0,1,-5178.570672160869,False,False
C00179,1.5241413336421532,0.9664804469273743,3285,0,0,0,True,False,True,False,1.4730527973189527,1,1,1301.4326718623092,False,True
C00180,0.7491870518868955,0.10614525139664806,3233,1,1,0,False,True,True,False,0.07952264796564813,1,0,1848.2871780422083,False,True
C00181,-1.5756757933788776,0.6424581005586593,4742,0,1,1,False,False,True,False,-1.0123056773104522,0,1,-8237.275311103936,False,False
C00182,-1.1397640098915451,0.2458100558659218,4297,1,1,0,False,False,False,False,-0.2801654549454078,0,0,-30744.681719810487,False,False
C00183,0.94292562232571,0.7318435754189945,735,1,1,0,False,True,True,False,0.690074058797028,1,1,378.29548982950485,False,True
C00184,1.185098835374228,0.050279329608938536,2290,1,0,0,True,False,True,False,0.05958597496295,1,0,1048.0075147757818,False,True
C00185,0.5070138388383775,0.6145251396648045,2289,1,0,0,False,False,False,False,0.3115727501241426,1,1,1518.897797092816,False,True
C00186,1.0882295501548207,0.4078212290502794,7342,0,0,0,False,False,False,False,0.4438031126329716,1,0,3515.8969948757153,False,True
C00187,0.5070138388383775,1.0,6905,1,1,0,False,True,False,True,0.5070138388383775,1,1,4581.908819976364,False,True
C00188,0.6038831240577848,0.7988826815642458,3776,0,0,0,True,False,False,False,0.4824317694986772,1,1,2354.2862589929955,False,True
C00189,-0.2679404429168802,0.44692737430167595,4971,1,0,0,True,False,False,True,-0.11974991862206935,0,0,6790.4311225808915,True,False
C00190,0.7491870518868955,0.9217877094972068,7330,1,0,0,False,True,True,False,0.6905914165437864,1,1,4190.518099303862,False,True
C00191,0.45857919622867394,0.17318435754189948,466,1,0,0,True,False,False,False,0.07941874348094355,1,0,319.4889939503437,True,False
C00192,0.3132752683995631,0.06145251396648045,7992,0,0,0,False,False,True,False,0.019251552806677064,1,0,6085.548241336744,True,False
C00193,1.3788374058130424,0.7709497206703911,3712,0,0,0,True,False,True,False,1.0630143128614518,1,1,1560.4261102205542,False,True
C00194,1.669445261471264,0.6592178770949721,6231,0,0,0,False,False,False,True,1.1005281611933473,1,1,2334.192833969477,False,True
C00195,-0.4616790133556946,0.5642458100558659,4317,0,0,0,True,False,False,False,-0.26050044887667684,0,1,8019.3789711053005,True,False
C00196,-0.3163750855265838,0.6312849162011174,3029,1,1,0,False,False,True,False,-0.1997228193547708,0,1,4430.792289560107,True,False
C00197,0.02266741274134146,0.7374301675977654,2750,0,0,0,True,False,True,False,0.016715633976855153,1,1,2689.046278132991,True,False
C00198,0.02266741274134146,0.07821229050279328,6987,0,1,0,False,False,False,True,0.001772870270272516,0,0,6832.133216478258,True,False
C00199,-1.6241104359885812,0.24022346368715086,1535,0,0,0,False,True,False,True,-0.3901494343436257,0,0,-2459.500613170462,False,False
C00200,0.2648406257898595,0.6871508379888268,7310,1,0,0,True,False,False,True,0.18198545794498727,1,1,5779.384256759699,True,False
C00201,0.6523177666674883,0.8379888268156425,3185,0,0,0,False,True,False,True,0.5466350000006885,1,1,1927.5953235216577,False,True
C00202,0.6523177666674883,0.8324022346368716,159,0,0,0,True,False,False,False,0.5429907666673507,1,1,96.22846356042184,False,True
C00203,-0.36480972813628737,0.9441340782122906,5035,1,1,0,True,False,True,False,-0.34442929639683,0,1,7926.758678508725,True,False
C00204,-1.0428947246721378,0.19553072625698326,5421,0,0,0,False,True,True,False,-0.2039179629247197,0,0,-126379.17696021947,False,False
C00205,1.5725759762518567,0.111731843575419,3396,1,0,0,False,False,True,False,0.1757068129890343,1,0,1320.0776308841382,False,True
C00206,1.5725759762518567,0.4134078212290503,5765,1,0,0,False,False,False,True,0.6501152080594268,1,0,2240.944505903138,False,True
C00207,0.9913602649354136,0.0670391061452514,4351,0,0,0,True,False,False,False,0.06645990602918973,1,0,2184.938645514812,False,True
C00208,1.6210106188615605,0.8435754189944135,4801,0,0,0,False,False,False,True,1.3674447120005344,1,1,1831.7361881140798,False,True
C00209,0.45857919622867394,1.0,4023,1,0,0,False,False,False,True,0.45857919622867394,1,1,2758.1635679447054,True,False
C00210,1.3788374058130424,0.3463687150837989,7742,1,0,0,False,True,True,False,0.47758614056094206,1,0,3254.5309658748733,False,True
C00211,1.3788374058130424,0.5195530726256984,2956,1,0,0,False,False,True,False,0.7163792108414132,1,0,1242.6238097553767,False,True
C00212,0.700752409277192,0.782122905027933,4278,0,1,0,False,True,True,False,0.5480745100492005,1,1,2515.357306956937,False,True
C00213,0.3617099110092667,0.21787709497206703,1893,1,0,0,False,False,True,False,0.07880830463330392,1,0,1390.1639289655707,True,False
C00214,-1.4303718655497668,0.6815642458100559,3099,0,1,1,False,False,False,False,-0.9748903217713495,0,1,-7200.749510057463,False,False
C00215,1.0882295501548207,0.050279329608938536,1393,1,0,0,True,False,False,True,0.05471545224242114,1,0,667.072257404232,False,True
C00216,-1.381937222940063,0.45810055865921795,2161,1,1,0,True,False,False,False,-0.6330662138608111,0,0,-5657.997886053445,False,False
C00217,-1.285067937720656,0.7374301675977654,5250,1,1,1,False,False,True,False,-0.947647864687858,0,1,-18416.66250500814,False,False
C00218,1.4757066910324497,0.9050279329608938,6193,1,0,0,False,True,False,False,1.3355557762416583,1,1,2501.5079623254237,False,True
C00219,0.4101445536189703,0.8770949720670391,3091,0,0,0,True,False,False,False,0.35973572579987895,1,1,2191.9738597488545,True,False
C00220,-0.17107115769747297,0.9944134078212291,2226,1,0,0,False,True,False,False,-0.170115452905867,0,1,2685.3933491043804,True,False
C00221,0.9913602649354136,0.547486033519553,5412,0,1,0,False,True,True,False,0.5427558992383829,1,1,2717.7402779880863,False,True
C00222,1.4757066910324497,0.09497206703910614,1247,0,1,0,False,False,True,False,0.1401509147907913,1,0,503.6945630582598,False,True
C00223,-0.2679404429168802,0.2793296089385475,1256,0,0,0,False,False,True,False,-0.07484369913879335,0,0,1715.7074009176424,True,False
C00224,-0.8491561542333235,0.12849162011173182,6118,1,0,0,True,False,False,True,-0.10910944998528735,0,0,40558.499214235424,False,False
C00225,0.16797134057045227,0.7597765363128492,7024,0,0,0,True,False,False,True,0.1276206833384442,1,1,6013.846192980546,True,False
C00226,-0.6069829411848054,0.6815642458100559,7012,1,0,0,True,False,True,False,-0.41369787052819146,0,1,17841.464747455655,False,False
C00227,0.9913602649354136,0.5754189944134078,5830,1,0,0,False,False,False,False,0.5704475267505452,1,1,2927.6470474261905,False,True
C00228,0.7976216944965991,0.9106145251396648,4023,1,1,0,False,True,False,True,0.7263259005751154,1,1,2237.956969654057,False,True
C00229,-0.6069829411848054,0.0670391061452514,1635,0,1,0,True,False,False,False,-0.040691593822445055,0,0,4160.124766413292,False,False
C00230,-0.21950580030717656,0.7206703910614526,5477,0,1,0,False,True,False,False,-0.15819133094763005,0,1,7017.348754360462,True,False
C00231,-0.17107115769747297,0.44134078212290506,3225,0,1,0,True,False,True,False,-0.07550067853687355,0,0,3890.5631405487993,True,False
C00232,-0.8007215116236198,0.7318435754189945,2681,0,1,0,True,False,True,False,-0.5860028939815318,0,1,13453.534407268065,False,False
C00233,-1.1881986525012487,0.17877094972067042,7459,0,0,0,False,True,False,True,-0.2124154015644691,0,0,-39633.65253080391,False,False
C00234,1.185098835374228,0.02234636871508379,217,0,1,0,True,False,False,True,0.026482655539088882,1,0,99.3090090420719,False,True
C00235,1.3788374058130424,0.4134078212290503,7183,0,1,0,True,False,False,False,0.5700221677662857,1,0,3019.5422278325,False,True
C00236,-1.1397640098915451,0.5307262569832403,6305,0,1,0,False,True,True,False,-0.6049026868139485,0,1,-45111.75663099957,False,False
C00237,1.185098835374228,0.17318435754189948,810,0,0,0,True,False,False,False,0.20524058042793897,1,0,370.69261439667395,False,True
C00238,-0.17107115769747297,0.7318435754189945,6705,0,1,0,False,False,False,False,-0.12519732770038525,0,1,8088.752203838666,True,False
C00239,-0.7522868690139163,0.6592178770949721,6404,1,1,0,False,True,True,False,-0.49592095275777726,0,1,25852.484987401698,False,False
C00240,0.94292562232571,0.4916201117318436,6378,1,1,0,False,True,False,False,0.4635611998025837,1,0,3282.678413785826,False,True
C00241,1.5725759762518567,0.5642458100558659,7669,1,0,0,True,False,False,True,0.8873194055946231,1,1,2981.058701781642,False,True
C00242,-0.9944600820624343,0.9832402234636871,7704,0,0,0,False,True,False,True,-0.9777931533127845,0,1,1390634.3174796603,False,False
C00243,-0.413244370745991,0.07262569832402234,1099,0,1,0,False,True,True,False,-0.030012161003898787,0,0,1873.0114296427791,True,False
C00244,0.7976216944965991,0.5754189944134078,4561,1,1,0,True,False,False,False,0.4589666733695515,1,1,2537.2412971892004,False,True
C00245,-0.655417583794509,0.46927374301675984,2991,0,0,0,False,True,False,True,-0.30757026278625005,0,0,8680.071470090114,False,False
C00246,-1.0428947246721378,0.22346368715083803,3032,0,1,0,False,False,False,False,-0.23304910048539398,0,0,-70684.68263113548,False,False
C00247,0.3132752683995631,0.6145251396648045,6856,0,0,0,True,False,False,False,0.19251552806677064,1,1,5220.535378203793,True,False
C00248,1.1366641927645245,0.1564245810055866,4747,0,1,0,True,False,False,False,0.17780222009724406,1,0,2221.6874397366537,False,True
C00249,0.5554484814480811,0.3296089385474861,3083,1,1,0,True,False,False,False,0.18308078438791503,1,0,1982.0650036122117,False,True
C00250,1.0397949075451172,0.3910614525139665,3841,0,1,0,False,True,False,True,0.406623706861219,1,0,1883.032448895867,False,True
C00251,-0.6069829411848054,0.1564245810055866,1639,1,0,0,False,False,False,True,-0.09494705225237181,0,0,4170.302441682804,False,False
C00252,-1.3335025803303595,0.6592178770949721,515,0,0,1,False,True,True,False,-0.8790687401060472,0,1,-1544.215938269064,False,False
C00253,0.8944909797160063,0.28491620111731847,1965,1,1,0,False,True,True,False,0.2548549718743929,1,0,1037.2179234627781,False,True
C00254,-0.5101136559653983,0.9050279329608938,3882,1,0,0,False,False,False,True,-0.4616671076334889,0,1,7924.287025493827,False,False
C00255,-0.2679404429168802,0.3798882681564246,4230,0,1,0,False,True,False,True,-0.10178743082875896,0,0,5778.218396402569,True,False
C00256,-0.36480972813628737,0.8826815642458101,7961,1,0,0,False,True,False,True,-0.32201082148342686,0,1,12533.252401113796,True,False
C00257,1.3788374058130424,0.05586592178770951,6769,0,0,0,False,False,True,False,0.0770300226711197,1,0,2845.5076347206173,False,True
C00258,0.6523177666674883,0.558659217877095,1839,1,0,0,False,True,True,False,0.3644233333337924,1,1,1112.982040802615,False,True
C00259,0.8460563371063028,0.9553072625698323,6674,0,1,0,False,True,True,False,0.8082437633808813,1,1,3615.274282723955,False,True
C00260,-0.2679404429168802,0.36312849162011174,1935,1,0,0,True,False,False,True,-0.09729680888043135,0,0,2643.2275643118137,True,False
C00261,0.6038831240577848,0.11731843575418995,7108,1,1,0,False,True,False,False,0.07084662349281273,1,0,4431.744366769653,False,True
C00262,0.3617099110092667,0.8715083798882682,4069,0,0,0,False,True,False,False,0.3152332185332157,1,1,2988.154795013686,True,False
C00263,-1.7209797212079883,0.10614525139664806,2429,1,1,1,False,False,True,False,-0.1826738251561552,0,0,-3369.0267958303393,False,False
C00264,1.669445261471264,0.7597765363128492,812,0,0,0,True,False,True,False,1.268405338324536,1,1,304.1830494596718,False,True
C00265,-0.12263651508776936,0.8491620111731844,1619,1,1,0,False,True,False,True,-0.1041382697952008,0,1,1845.3013236149907,True,False
C00266,-1.4788065081594703,0.5307262569832403,1677,1,1,0,False,True,False,False,-0.7848414428779312,0,1,-3502.458657979356,False,False
C00267,-0.36480972813628737,0.4022346368715084,1792,1,0,0,False,False,True,False,-0.14673910852409325,0,0,2821.201897097842,True,False
C00268,1.5725759762518567,0.8770949720670391,2153,0,0,0,False,True,False,False,1.3792984819639191,1,1,836.9043401924469,False,True
C00269,-0.8491561542333235,0.24022346368715086,1186,0,1,0,False,True,False,True,-0.20398723258118945,0,0,7862.435447545475,False,False
C00270,0.3132752683995631,0.34078212290502796,7187,0,1,0,False,True,True,False,0.10675861101884554,1,0,5472.576978289186,True,False
C00271,-1.381937222940063,0.782122905027933,7182,0,1,1,False,False,False,False,-1.0808447553721163,0,1,-18804.137351983267,False,False
C00272,0.3132752683995631,0.36312849162011174,6192,1,1,0,True,False,True,False,0.113759175675819,1,0,4714.929268062702,True,False
C00273,-0.36480972813628737,0.2458100558659218,6131,1,0,0,True,False,False,True,-0.08967389965361254,0,0,9652.225910215888,True,False
C00274,1.4757066910324497,0.6815642458100559,1008,0,1,0,False,False,False,True,1.0057889179103847,1,1,407.15647118101515,False,True
C00275,1.4272720484227461,0.9832402234636871,2989,0,0,0,False,False,False,True,1.4033512878346555,1,1,1231.4235653734272,False,True
C00276,0.6038831240577848,0.4134078212290503,4521,1,1,0,True,False,False,False,0.24965000659372108,1,0,2818.7839451555433,False,True
C00277,1.0397949075451172,0.8603351955307263,1493,0,0,0,False,True,True,False,0.8945721550946819,1,1,731.9363306955296,False,True
C00278,-1.6241104359885812,0.2905027932960894,4282,1,0,0,True,False,True,False,-0.47180861827601245,0,0,-6860.965228401251,False,False
C00279,1.4272720484227461,0.6033519553072626,7087,0,1,0,True,False,False,True,0.8611473811712659,1,1,2919.7386442962456,False,True
C00280,0.9913602649354136,0.12849162011173182,6209,0,1,0,False,True,False,False,0.12738148655594697,1,0,3117.9692139741364,False,True
C00281,-0.9460254394527307,0.027932960893854733,7759,0,1,0,False,True,True,False,-0.026425291604824864,0,0,143752.90732019753,False,False
C00282,-0.897590796843027,0.7709497206703911,7475,1,0,0,False,True,False,True,-0.6919973741024454,0,1,72991.4867957942,False,False
C00283,-1.6725450785982847,0.2011173184357542,7493,0,1,1,False,False,False,True,-0.33637778117060474,0,0,-11141.260620948822,False,False
C00284,-1.1397640098915451,0.4134078212290503,261,1,0,0,False,False,False,False,-0.4711873560445494,0,0,-1867.4335417432017,False,False
C00285,-0.5101136559653983,0.8435754189944135,6538,1,0,0,False,True,True,False,-0.4303193410657829,0,1,13345.952749273221,False,False
C00286,0.5554484814480811,0.335195530726257,6186,1,1,0,False,False,False,True,0.18618384853008307,1,0,3976.9880351427637,False,True
C00287,-1.2366332951109522,0.22346368715083803,627,0,0,0,True,False,False,True,-0.27634263577898377,0,0,-2649.669395450092,False,False
C00288,0.2648406257898595,0.35195530726256985,1173,1,0,0,True,False,False,False,0.09321206382548128,1,0,927.3895667823704,True,False
C00289,-0.7038522264042126,0.2122905027932961,6472,0,1,0,True,False,False,True,-0.14942114303553117,0,0,21853.954603196322,False,False
C00290,0.9913602649354136,0.5754189944134078,5518,1,1,0,True,False,True,False,0.5704475267505452,1,1,2770.970224304926,False,True
C00291,1.2819681205936353,0.8770949720670391,5573,1,0,0,True,False,True,False,1.1244077929229093,1,1,2442.1901207586675,False,True
C00292,1.3788374058130424,0.21787709497206703,6420,0,0,0,False,True,True,False,0.30041708841736675,1,0,2698.7973134741264,False,True
C00293,-1.1397640098915451,0.670391061452514,727,1,0,0,True,False,False,False,-0.7640876043965666,0,1,-5201.625229300029,False,False
C00294,1.6210106188615605,0.6033519553072626,5423,1,0,0,False,False,False,False,0.9780399264639583,1,1,2069.0492289403574,False,True
C00295,-1.4788065081594703,0.21787709497206703,6657,0,0,0,False,True,True,False,-0.32219806602357176,0,0,-13903.319789009285,False,False
C00296,1.4272720484227461,0.13407821229050282,1995,1,0,0,True,False,False,True,0.19136608470472577,1,0,821.9103422281656,False,True
C00297,-1.0428947246721378,0.7988826815642458,4659,0,0,0,False,False,True,False,-0.8331505342352833,0,1,-108614.75474223621,False,False
C00298,1.4272720484227461,0.6480446927374302,7139,0,0,0,False,False,False,False,0.924936076072841,1,1,2941.1618712615914,False,True
C00299,0.5070138388383775,0.9664804469273743,5219,0,1,0,False,True,True,False,0.4900189615588788,1,1,3463.140062484669,False,True
C00300,-0.5101136559653983,0.4078212290502794,3151,1,0,0,True,False,False,True,-0.2080351781311401,0,0,6432.10417757111,False,False
C00301,-1.0913293672818414,0.8715083798882682,5655,1,1,0,True,False,True,False,-0.9511026888042864,0,1,-61918.74714897274,False,False
C00302,1.3788374058130424,0.3575418994413408,1193,0,1,0,False,False,False,True,0.492992145095166,1,0,501.50548208327615,False,True
C00303,1.0397949075451172,0.6033519553072626,7204,1,0,0,False,False,False,False,0.6273622905858808,1,1,3531.727613081444,False,True
C00304,-0.7522868690139163,0.888268156424581,840,1,1,0,True,False,False,False,-0.6682324702414116,0,1,3391.0192675542517,False,False
C00305,1.185098835374228,0.22905027932960897,7474,0,1,0,False,False,True,False,0.2714472192756612,1,0,3420.440246914495,False,True
C00306,-1.2366332951109522,0.3798882681564246,7410,0,0,0,True,False,True,False,-0.46978248082427243,0,0,-31314.274673501088,False,False
C00307,-0.8007215116236198,0.4860335195530726,2288,1,1,0,False,True,False,False,-0.38917749447628447,0,0,11481.419889529778,False,False
C00308,0.8944909797160063,0.8324022346368716,1513,0,0,0,False,True,False,True,0.7445762903781282,1,1,798.631408752765,False,True
C00309,-1.3335025803303595,0.7206703910614526,1431,0,0,1,False,False,False,True,-0.9610158260481363,0,1,-4290.821374102972,False,False
C00310,0.2164059831801559,0.43575418994413406,7631,1,0,0,True,False,False,False,0.09429981389973273,1,0,6273.398935485021,True,False
C00311,1.0397949075451172,0.2905027932960894,6062,0,0,0,False,False,False,False,0.3020633250969056,1,0,2971.8674056773616,False,True
C00312,1.185098835374228,0.8770949720670391,5838,1,1,0,False,False,True,False,1.039444229909239,1,1,2671.7326948738055,False,True
C00313,-0.21950580030717656,0.44692737430167595,7901,1,0,0,True,False,True,False,-0.09810315097527443,0,0,10123.07330805222,True,False
C00314,0.45857919622867394,0.9608938547486033,169,1,0,0,False,False,False,False,0.4406459315716867,1,1,115.8661802094594,True,False
C00315,-0.413244370745991,0.9217877094972068,4320,0,0,0,True,False,True,False,-0.3809235819725616,0,1,7362.519905420206,True,False
C00316,0.11953669796074867,0.8156424581005587,805,0,1,0,True,False,True,False,0.09749920615792909,1,1,719.0474429880848,True,False
C00317,1.185098835374228,0.44134078212290506,6541,0,0,0,False,False,False,True,0.5230324468970057,1,0,2993.457272553882,False,True
C00318,0.07110205535104507,0.24022346368715086,5531,0,1,0,False,False,False,True,0.017080382011703563,1,0,5163.840338432792,True,False
C00319,-0.12263651508776936,0.3910614525139665,7911,0,0,0,False,False,False,True,-0.04795841372147406,0,0,9016.787381790113,True,False
C00320,0.3132752683995631,0.24022346368715086,4351,1,0,0,False,True,False,False,0.07525607006246489,1,0,3313.0906403974186,True,False
C00321,-0.5585482985751018,0.7597765363128492,3381,0,1,0,True,False,False,False,-0.424371891654826,0,1,7658.821993633637,False,False
C00322,0.7491870518868955,0.22346368715083803,2095,1,1,0,False,True,False,False,0.16741610098031187,1,0,1197.699238477707,False,True
C00323,-0.897590796843027,0.7094972067039107,2845,1,0,0,False,False,False,False,-0.636838163123265,0,1,27780.706345690232,False,False
C00324,-1.3335025803303595,0.19553072625698326,4064,1,0,1,False,False,False,False,-0.2607407279975564,0,0,-12185.81276335044,False,False
C00325,0.9913602649354136,0.335195530726257,177,0,0,0,True,False,True,False,0.33229953014594876,1,0,88.88396696302499,False,True
C00326,0.4101445536189703,0.5865921787709497,5533,0,0,0,True,False,True,False,0.2405875873183904,1,1,3923.7112151376296,True,False
C00327,0.700752409277192,0.43575418994413406,6795,1,1,0,False,True,True,False,0.3053557984559831,1,0,3995.2905331398756,False,True
C00328,0.9913602649354136,0.5307262569832403,7867,1,0,0,False,False,False,True,0.5261409227310855,1,1,3950.5659214582915,False,True
C00329,-0.36480972813628737,0.3910614525139665,2039,0,0,0,True,False,True,False,-0.14266302217620178,0,0,3210.06175679827,True,False
C00330,0.6523177666674883,0.7318435754189945,3525,1,0,0,True,False,False,True,0.47739456666726804,1,1,2133.366880820673,False,True
C00331,-0.5585482985751018,0.893854748603352,6676,0,1,0,False,True,False,True,-0.49926104900567764,0,1,15122.832188553139,False,False
C00332,0.8944909797160063,0.3575418994413408,4026,1,0,0,False,False,True,False,0.3198180039208067,1,0,2125.1090889878596,False,True
C00333,-0.2679404429168802,0.111731843575419,7644,0,0,0,True,False,True,False,-0.02993747965551734,0,0,10441.773385839537,True,False
C00334,-1.2366332951109522,0.9217877094972068,7387,1,0,0,True,False,False,False,-1.139913372588308,0,1,-31217.07786952126,False,False
C00335,0.3132752683995631,0.2793296089385475,1690,0,1,0,False,False,False,False,0.08750705821216848,1,0,1286.8589249072943,True,False
C00336,-0.897590796843027,0.9385474860335196,2878,0,0,0,False,False,False,True,-0.8424315858638466,0,1,28102.943009805447,False,False
C00337,-1.3335025803303595,0.02234636871508379,3090,0,1,0,False,True,False,True,-0.029798940342577854,0,0,-9265.295629614384,False,False
C00338,-1.4788065081594703,0.7877094972067039,458,1,0,1,False,False,False,True,-1.164869931008298,0,1,-956.5450598417084,False,False
C00339,-0.413244370745991,0.4189944134078213,6110,0,1,0,True,False,False,True,-0.17314708271480073,0,0,10413.19366252719,True,False
C00340,-1.5756757933788776,0.0,5182,1,1,0,False,True,False,False,-0.0,0,0,-9001.59440365681,False,False
C00341,1.5241413336421532,0.1452513966480447,7768,0,0,0,False,False,False,True,0.22138365740053623,1,0,3077.482190266794,False,True
C00342,1.0397949075451172,0.6815642458100559,1452,1,1,0,True,False,True,False,0.7086870319581247,1,1,711.836270709919,False,True
C00343,1.4757066910324497,0.26256983240223464,1052,1,1,0,False,False,False,True,0.38747605853924655,1,0,424.92917428812297,False,True
C00344,-0.21950580030717656,0.335195530726257,2998,1,1,0,False,True,False,True,-0.07357736323145583,0,0,3841.1560280395593,True,False
C00345,1.3788374058130424,0.050279329608938536,3138,0,1,0,True,False,False,False,0.0693270204040077,1,0,1319.131770978475,False,True
C00346,-1.285067937720656,0.38547486033519557,6631,0,0,1,False,False,False,True,-0.49536138381410766,0,0,-23261.12172775409,False,False
C00347,1.3788374058130424,0.8826815642458101,4809,0,0,0,True,False,False,True,1.2170743582036911,1,1,2021.5757446257126,False,True
C00348,-1.6241104359885812,0.6089385474860336,7607,0,1,1,False,False,False,False,-0.9889834498477954,0,1,-12188.547989829125,False,False
C00349,-0.21950580030717656,0.6592178770949721,714,0,0,0,True,False,False,True,-0.14470214768852982,0,1,914.8050046765327,True,False
C00350,0.8460563371063028,0.899441340782123,6354,1,0,0,False,False,False,True,0.7609780462241048,1,1,3441.931793890921,False,True
C00351,0.9913602649354136,0.9329608938547486,774,1,0,0,True,False,False,False,0.9249003589062238,1,1,388.6790419739059,False,True
C00352,-0.12263651508776936,0.10055865921787709,7888,1,1,0,False,False,True,False,-0.01233216352837904,0,0,8990.572477254507,True,False
C00353,-1.4788065081594703,0.6536312849162011,4804,1,0,1,True,False,False,True,-0.9665941980707153,0,1,-10033.280496680278,False,False
C00354,-1.4303718655497668,0.1899441340782123,1631,1,1,0,True,False,True,False,-0.2716907454116876,0,0,-3789.745869926984,False,False
C00355,0.11953669796074867,0.8379888268156425,4762,0,0,0,False,False,False,True,0.10017041728554359,1,1,4253.545246595353,True,False
C00356,0.3617099110092667,0.2681564245810056,1931,0,1,0,False,True,False,False,0.09699483647175866,1,0,1418.0700194572198,True,False
C00357,0.5070138388383775,0.1452513966480447,7361,1,1,0,True,False,True,False,0.07364446821116098,1,0,4884.493964351341,False,True
C00358,1.4272720484227461,0.9162011173184358,1534,1,0,0,False,False,False,True,1.3076682454822925,1,1,631.9851954776973,False,True
C00359,0.45857919622867394,0.553072625698324,656,0,1,0,False,False,False,False,0.2536276001488197,1,1,449.7527468485525,True,False
C00360,0.6038831240577848,0.8268156424581006,4471,1,1,0,False,True,False,False,0.49930001318744216,1,1,2787.609603802352,False,True
C00361,0.4101445536189703,0.547486033519553,4416,0,0,0,False,True,False,False,0.2245484148304977,1,1,3131.5938416858435,True,False
C00362,-1.5272411507691739,0.6368715083798883,3651,1,1,1,True,False,True,False,-0.9726563753502001,0,1,-6924.725042181708,False,False
C00363,-0.3163750855265838,0.6592178770949721,1585,1,0,0,True,False,False,False,-0.2085601122465748,0,1,2318.5228718893263,True,False
C00364,0.5554484814480811,0.18435754189944137,7371,0,0,0,False,True,True,False,0.1024011166915457,1,0,4738.826189304447,False,True
C00365,-0.9460254394527307,0.02234636871508379,1389,0,0,0,True,False,False,False,-0.021140233283859895,0,0,25734.34569760979,False,False
C00366,-0.9460254394527307,0.5810055865921788,1196,0,1,0,False,False,True,False,-0.5496460653803575,0,1,22158.58708015933,False,False
C00367,-0.17107115769747297,0.45251396648044695,2979,1,0,0,False,True,True,False,-0.07741208812008554,0,0,3593.7946033162398,True,False
C00368,-1.285067937720656,0.34078212290502796,5158,1,1,0,True,False,False,True,-0.4379281798936314,0,0,-18093.932419206092,False,False
C00369,0.02266741274134146,0.2122905027932961,5083,0,1,0,False,False,True,False,0.004812076447882544,1,0,4970.335356999998,True,False
C00370,-0.21950580030717656,0.7150837988826816,2526,0,1,0,False,True,False,True,-0.1569650415604391,0,1,3236.410982931263,True,False
C00371,-0.8007215116236198,0.16201117318435754,5058,0,1,0,True,False,False,True,-0.12972583149209482,0,0,25381.565472570637,False,False
C00372,-1.0913293672818414,0.03910614525139665,2388,1,0,0,False,True,False,False,-0.04267768475403849,0,0,-26147.12081198,False,False
C00373,0.9913602649354136,0.5921787709497207,1514,1,0,0,False,False,False,False,0.5870625032578427,1,1,760.284327582033,False,True
C00374,0.16797134057045227,0.6145251396648045,5612,1,1,0,True,False,False,True,0.10322261152374163,1,1,4804.912419562475,True,False
C00375,-0.36480972813628737,0.0,4628,1,1,0,True,False,False,False,-0.0,0,0,7286.005792281704,True,False
C00376,-0.17107115769747297,0.9832402234636871,2107,1,0,0,True,False,False,False,-0.16820404332265498,0,1,2541.8345851585486,True,False
C00377,-0.02576722986836215,0.9608938547486033,3483,0,0,0,True,False,False,True,-0.024759572834403852,0,1,3575.120963678299,True,False
C00378,-0.2679404429168802,0.899441340782123,4712,0,1,0,False,True,False,False,-0.2409967112269146,0,1,6436.634771595486,True,False
C00379,0.2164059831801559,0.3128491620111732,4187,0,1,0,False,True,False,False,0.06770243049211581,1,0,3442.1073703152642,True,False
C00380,-0.7522868690139163,0.893854748603352,3061,0,0,0,True,False,False,False,-0.672435190180037,0,1,12357.035688075672,False,False
C00381,1.5241413336421532,0.26256983240223464,2144,1,1,0,False,True,True,False,0.40019353453173856,1,0,849.3977620921738,False,True
C00382,1.4757066910324497,0.2458100558659218,5558,1,0,0,True,False,True,False,0.3627435441644011,1,0,2245.0155424842087,False,True
C00383,-0.6069829411848054,0.9217877094972068,1550,0,1,0,False,True,False,True,-0.5595094150586196,0,1,3943.849166936148,False,False
C00384,0.5070138388383775,0.9329608938547486,4343,1,1,0,True,False,False,False,0.4730240842793801,1,1,2881.858074606422,False,True
C00385,-1.7209797212079883,0.9385474860335196,7165,0,0,1,False,False,False,False,-1.6152211908544247,0,1,-9937.866196840008,False,False
C00386,-0.5585482985751018,0.3910614525139665,1649,0,1,0,False,False,True,False,-0.21842670893998395,0,0,3735.4029776698812,False,False
C00387,1.6210106188615605,0.8268156424581006,2375,1,0,0,True,False,False,False,1.3402769362654243,1,1,906.1390224476025,False,True
C00388,0.2648406257898595,0.7597765363128492,2302,0,0,0,False,True,False,True,0.2012196933375469,1,1,1819.9921421423842,True,False
C00389,0.2648406257898595,0.5921787709497207,5532,0,0,0,False,False,True,False,0.1568329962777939,1,1,4373.673557919926,True,False
C00390,-1.5756757933788776,0.4748603351955307,2534,1,0,1,False,False,False,True,-0.7482259354033777,0,0,-4401.783137565874,False,False
C00391,-1.6241104359885812,0.3296089385474861,1299,0,1,0,True,False,True,False,-0.5353213168900911,0,0,-2081.3624081488147,False,False
C00392,0.94292562232571,0.7094972067039107,253,1,0,0,False,False,True,False,0.6690030951696379,1,1,130.215998539952,False,True
C00393,-1.4788065081594703,0.24022346368715086,2156,1,1,1,False,False,True,False,-0.3552440215131689,0,0,-4502.862770783238,False,False
C00394,-0.7038522264042126,0.25139664804469275,1947,1,1,0,False,False,False,False,-0.17694609043681325,0,0,6574.420521078993,False,False
C00395,1.185098835374228,0.5363128491620112,6302,1,0,0,True,False,False,True,0.6355837329381334,1,1,2884.080069046715,False,True
C00396,0.9913602649354136,0.6368715083798883,2241,1,1,0,False,False,False,True,0.6313691072773026,1,1,1125.361412226774,False,True
C00397,-1.5272411507691739,0.10614525139664806,3370,1,0,1,False,False,True,False,-0.16210939589170004,0,0,-6391.762090427926,False,False
C00398,1.0882295501548207,0.4189944134078213,7232,1,1,0,False,True,True,False,0.45596210202017634,1,0,3463.220793644943,False,True
C00399,1.2335334779839315,0.776536312849162,446,0,0,0,True,False,False,False,0.9578835387696452,1,1,199.68359749081344,False,True
C00400,0.7976216944965991,0.03910614525139665,4429,0,0,0,False,True,False,True,0.03119190984064913,1,0,2463.8109417344813,False,True
C00401,-1.4788065081594703,0.9944134078212291,6427,0,1,1,False,False,True,False,-1.4705450192870713,0,1,-13422.958732756899,False,False
C00402,0.4101445536189703,1.0,7564,1,0,0,False,False,True,False,0.4101445536189703,1,1,5363.989089336893,True,False
C00403,1.5725759762518567,0.5307262569832403,4730,1,1,0,True,False,True,False,0.8346073616979128,1,1,1838.624026525905,False,True
C00404,-0.8007215116236198,0.09497206703910614,4631,0,0,0,False,False,False,True,-0.07604617708157282,0,0,23238.835449480943,False,False
C00405,-0.5585482985751018,0.9162011173184358,7662,0,1,0,False,False,True,False,-0.5117425752308196,0,1,17356.37211334544,False,False
C00406,0.4101445536189703,0.46927374301675984,2541,0,1,0,False,False,False,True,0.19247006985471235,1,0,1801.942923850482,True,False
C00407,-1.6241104359885812,0.30726256983240224,3048,0,0,0,True,False,False,True,-0.4990283462534747,0,0,-4883.751054686364,False,False
C00408,-1.5272411507691739,0.13407821229050282,7840,0,0,0,True,False,True,False,-0.2047697632316211,0,0,-14869.856020461406,False,False
C00409,0.5554484814480811,0.1452513966480447,6056,0,0,0,False,False,False,False,0.08067966769636933,1,0,3893.41085367355,False,True
C00410,0.5554484814480811,0.7206703910614526,7690,1,1,0,False,False,False,False,0.4002952743396786,1,1,4943.911734601981,False,True
C00411,-0.655417583794509,0.6368715083798883,4413,0,1,0,True,False,False,True,-0.41741678520991077,0,1,12806.805549150007,False,False
C00412,0.5554484814480811,0.4189944134078213,1168,1,0,0,True,False,False,False,0.23272981066260384,1,0,750.9088304310941,False,True
C00413,1.3304027632033388,0.6201117318435755,3127,0,0,0,False,True,False,True,0.8249983615395007,1,1,1341.8281377686274,False,True
C00414,-1.6725450785982847,0.7709497206703911,3460,0,0,0,False,True,False,True,-1.289448161153985,0,1,-5144.636560587605,False,False
C00415,0.5554484814480811,0.3743016759776537,6197,1,1,0,True,False,True,False,0.20790529752525944,1,0,3984.0599504978513,False,True
C00416,0.5554484814480811,0.7318435754189945,530,1,0,0,False,True,True,False,0.4065014026240147,1,1,340.7377398360273,False,True
C00417,0.700752409277192,0.35195530726256985,7409,1,0,0,False,True,False,False,0.2466335295221402,1,0,4356.307220019623,False,True
C00418,1.0882295501548207,0.9106145251396648,4605,1,0,0,True,False,False,True,0.990957635057183,1,1,2205.217333342777,False,True
C00419,-0.07420187247806576,0.5195530726256984,6754,0,1,0,False,False,False,False,-0.03855181084055931,0,0,7295.326917627604,True,False
C00420,-0.897590796843027,0.18435754189944137,6260,1,0,0,False,False,False,False,-0.1654776329375413,0,0,61127.31870791595,False,False
C00421,0.11953669796074867,0.7039106145251397,3886,1,1,0,True,False,False,False,0.08414315051985662,1,1,3471.078712362357,True,False
C00422,-1.0913293672818414,0.7709497206703911,1718,0,1,0,True,False,False,False,-0.8413600708653303,0,1,-18811.035827044238,False,False
C00423,-1.5272411507691739,0.8491620111731844,2066,0,1,0,True,False,False,False,-1.2968751671336,0,1,-3918.5105278409774,False,False
C00424,-1.5272411507691739,0.4078212290502794,3720,1,0,1,False,False,True,False,-0.6228413631628475,0,0,-7055.594948484239,False,False
C00425,0.7491870518868955,0.15083798882681565,7270,1,0,0,False,True,False,True,0.1130058681617105,1,0,4156.216450469179,False,True
C00426,0.8460563371063028,0.22905027932960897,1714,0,1,0,False,False,False,False,0.19378944034278447,1,0,928.4657058119357,False,True
C00427,-0.12263651508776936,0.9553072625698323,4220,1,0,0,True,False,False,False,-0.11715555351960089,0,1,4809.8650930545155,True,False
C00428,-1.6241104359885812,0.8826815642458101,1423,1,1,1,False,False,True,False,-1.4335723401463456,0,1,-2280.045193838155,False,False
C00429,-0.02576722986836215,0.8324022346368716,7102,0,1,0,True,False,False,True,-0.021448699722826595,0,1,7289.838956084777,True,False
C00430,-1.285067937720656,0.005586592178770944,4968,0,1,0,True,False,False,True,-0.007179150490059523,0,0,-17427.42463331056,False,False
C00431,1.6210106188615605,0.7597765363128492,2011,1,0,0,False,True,True,False,1.2316058333249846,1,1,767.2612943756332,False,True
C00432,1.2335334779839315,0.5363128491620112,2103,0,1,0,True,False,False,True,0.6615598541142873,1,1,941.5574114869521,False,True
C00433,-1.0913293672818414,0.7932960893854749,325,1,0,0,False,True,True,False,-0.8657473192962094,0,1,-3558.5486867225713,False,False
C00434,1.4757066910324497,0.005586592178770944,5850,1,0,0,False,True,False,True,0.008244171458281832,1,0,2362.961663104106,False,True
C00435,-1.381937222940063,0.7374301675977654,499,0,0,1,False,False,False,True,-1.019082197922281,0,1,-1306.4974294959134,False,False
C00436,-0.36480972813628737,0.7318435754189945,1329,1,1,0,False,False,False,False,-0.26698365578689187,0,1,2092.2864515865135,True,False
C00437,-0.3163750855265838,0.44692737430167595,3098,0,0,0,False,False,False,True,-0.14139668626886426,0,0,4531.724830986203,True,False
C00438,1.5241413336421532,0.4078212290502794,3075,1,0,0,False,False,True,False,0.6215771919322749,1,0,1218.2360627021617,False,True
C00439,0.45857919622867394,0.3128491620111732,5865,0,1,0,True,False,False,True,0.143466117255898,1,0,4021.036372357866,True,False
C00440,1.1366641927645245,0.15083798882681565,6373,0,1,0,False,False,True,False,0.17145214080805676,1,0,2982.6867607840095,False,True
C00441,1.185098835374228,0.033519553072625705,3471,0,0,0,True,False,True,False,0.039723983308633345,1,0,1588.4864994701916,False,True
C00442,0.7491870518868955,0.2793296089385475,5784,0,0,0,False,True,False,True,0.20927012622538982,1,0,3306.6789476635117,False,True
C00443,-0.36480972813628737,0.36312849162011174,5965,0,0,0,False,True,True,False,-0.13247280630647307,0,0,9390.886895194548,True,False
C00444,1.0882295501548207,0.5921787709497207,6287,0,1,0,True,False,True,False,0.6444264375218491,1,1,3010.684337616947,False,True
C00445,1.0397949075451172,0.7262569832402235,5290,0,1,0,True,False,True,False,0.7551583127422639,1,1,2593.3979835092778,False,True
C00446,-1.381937222940063,0.8268156424581006,7608,0,0,0,False,True,True,False,-1.1426073128219516,0,1,-19919.50389499982,False,False
C00447,-1.1397640098915451,0.9497206703910616,6568,1,1,0,False,False,False,True,-1.0824574395618027,0,1,-46993.500008311676,False,False
C00448,0.6523177666674883,0.9497206703910616,6770,0,1,0,False,False,True,False,0.6195196666674471,1,1,4097.27483210098,False,True
C00449,1.0882295501548207,0.8100558659217878,7758,1,1,0,True,False,False,True,0.8815267305723409,1,1,3715.1088104393625,False,True
C00450,-1.0428947246721378,0.5195530726256984,6537,0,1,0,False,True,False,True,-0.5418391586285409,0,0,-152396.36225584848,False,False
C00451,1.3304027632033388,0.20670391061452514,5241,0,0,0,True,False,False,True,0.2749994538465002,1,0,2248.9674672354895,False,True
C00452,-0.8491561542333235,0.9608938547486033,2908,0,1,0,True,False,True,False,-0.8159489303247577,0,1,19278.21440258199,False,False
C00453,-0.02576722986836215,0.26256983240223464,4566,0,1,0,False,False,False,True,-0.006765697228005704,0,0,4686.764949800492,True,False
C00454,1.5241413336421532,0.02234636871508379,3316,0,0,0,True,False,False,False,0.034059024215467096,1,0,1313.7140760716643,False,True
C00455,-1.285067937720656,0.07821229050279328,5589,0,0,1,False,False,True,False,-0.1005081068608334,0,0,-19605.852712474378,False,False
C00456,-1.7209797212079883,0.05586592178770951,6242,0,0,0,False,True,False,False,-0.09614411850323959,0,0,-8657.663754455734,False,False
C00457,-0.2679404429168802,0.782122905027933,5208,1,1,0,True,False,False,True,-0.20956235758862138,0,1,7114.1752738686955,True,False
C00458,-1.7209797212079883,0.9273743016759778,622,1,1,1,False,True,False,True,-1.595992367153777,0,1,-862.7149720076044,False,False
C00459,0.7976216944965991,0.45810055865921795,7501,0,1,0,False,False,True,False,0.3653909438476041,1,0,4172.735577771584,False,True
C00460,-0.413244370745991,0.9329608938547486,3207,1,0,0,True,False,False,True,-0.3855408375116229,0,1,5465.648457565417,True,False
C00461,0.6038831240577848,0.335195530726257,3534,0,1,0,False,False,True,False,0.20241892426517927,1,0,2203.40244684355,False,True
C00462,0.16797134057045227,0.7709497206703911,4093,1,0,0,True,False,False,True,0.1294974580934213,1,1,3504.3668092069156,True,False
C00463,0.94292562232571,0.6871508379888268,6530,1,1,0,True,False,False,False,0.6479321315422476,1,1,3360.91095045805,False,True
C00464,-1.285067937720656,0.8268156424581006,5667,1,1,1,True,False,False,True,-1.0625142725288106,0,1,-19879.47169826307,False,False
C00465,1.2819681205936353,0.5865921787709497,6204,0,0,0,False,False,False,False,0.7519924729739201,1,1,2718.705815393284,False,True
C00466,0.07110205535104507,0.21787709497206703,3970,0,0,0,True,False,True,False,0.015491509266428812,1,0,3706.4628717371515,True,False
C00467,0.45857919622867394,0.09497206703910614,5635,0,0,0,False,True,False,True,0.043552214166969035,1,0,3863.3486714810874,True,False
C00468,-0.655417583794509,0.016759776536312845,4012,1,1,0,True,False,False,True,-0.01098465224236607,0,0,11643.078147108505,False,False
C00469,0.7976216944965991,0.7039106145251397,6760,1,1,0,True,False,False,False,0.5614543771316843,1,1,3760.5242641962277,False,True
C00470,-1.4788065081594703,0.5307262569832403,4534,1,1,1,False,False,False,False,-0.7848414428779312,0,1,-9469.378387166607,False,False
C00471,-1.6725450785982847,0.9720670391061453,5397,1,0,1,False,False,False,True,-1.6258259423245898,0,1,-8024.740901009048,False,False
C00472,0.7491870518868955,0.19553072625698326,2628,0,1,0,False,False,True,False,0.14648908835777288,1,0,1502.4122189591474,False,True
C00473,0.4101445536189703,0.9329608938547486,1946,1,0,0,True,False,False,True,0.38264882935401134,1,1,1380.0003659240606,True,False
C00474,-1.1397640098915451,0.4804469273743017,5999,0,1,0,False,True,True,False,-0.5475961164842061,0,0,-42922.35178895581,False,False
C00475,-0.8491561542333235,0.3463687150837989,7583,1,0,0,False,False,True,False,-0.2941211260472964,0,0,50270.52950989657,False,False
C00476,0.3617099110092667,0.02234636871508379,6003,1,1,0,False,True,True,False,0.008082903039313218,1,0,4408.427926878141,True,False
C00477,-1.0913293672818414,0.6201117318435755,903,1,1,0,False,True,False,True,-0.6767461439568961,0,1,-9887.290658801483,False,False
C00478,-0.36480972813628737,0.5418994413407822,3187,1,1,0,False,True,False,True,-0.19769018787273673,0,1,5017.394222126575,True,False
C00479,-0.21950580030717656,0.21787709497206703,4807,0,1,0,False,False,True,False,-0.04782528610044629,0,0,6158.918287787245,True,False
C00480,-1.2366332951109522,0.782122905027933,4666,0,0,1,False,True,True,False,-0.9671992252264432,0,1,-19718.273363907705,False,False
C00481,1.5725759762518567,0.2122905027932961,3105,1,0,0,True,False,False,True,0.33384294467916514,1,0,1206.9614381316987,False,True
C00482,-0.21950580030717656,1.0,5789,1,0,0,False,False,False,True,-0.21950580030717656,0,1,7417.095479093065,True,False
C00483,-1.1397640098915451,0.9441340782122906,6302,0,0,0,False,True,False,False,-1.076090042858498,0,1,-45090.291877646196,False,False
C00484,-0.4616790133556946,0.7094972067039107,7103,1,1,0,False,True,True,False,-0.3275599703696828,0,1,13194.729866055352,True,False
C00485,0.6523177666674883,0.3016759776536313,7599,0,1,0,False,False,True,False,0.1967886000002479,1,0,4598.994305632991,False,True
C00486,1.4272720484227461,0.26256983240223464,6774,0,1,0,False,False,False,False,0.3747585825467546,1,0,2790.787297370223,False,True
C00487,0.9913602649354136,0.8100558659217878,5425,0,0,0,False,False,True,False,0.8030571978527095,1,1,2724.2684789514724,False,True
C00488,-1.3335025803303595,0.2905027932960894,2417,1,1,1,False,False,False,True,-0.3873862244535123,0,0,-7247.320238439471,False,False
C00489,1.4272720484227461,0.7597765363128492,677,1,0,0,False,False,True,False,1.0844078133267794,1,1,278.9139356834427,False,True
C00490,0.94292562232571,0.17877094972067042,4061,1,1,0,True,False,False,True,0.16856770901912138,1,0,2090.1469172756724,False,True
C00491,0.3617099110092667,0.05586592178770951,4695,1,1,0,True,False,True,False,0.020207257598283058,1,0,3447.870917323484,True,False
C00492,0.8460563371063028,0.5754189944134078,7652,0,1,0,False,False,False,True,0.4868368867147999,1,1,4145.052264219913,False,True
C00493,-1.6725450785982847,0.5251396648044693,5468,1,1,0,True,False,True,False,-0.8783197619454679,0,1,-8130.310032743649,False,False
C00494,1.5241413336421532,0.6033519553072626,2102,1,1,0,False,False,False,True,0.919593653817612,1,1,832.7584402601443,False,True
C00495,-0.7038522264042126,0.8044692737430168,2339,0,0,0,True,False,True,False,-0.5662274893978023,0,1,7898.084026093356,False,False
C00496,0.6523177666674883,0.6033519553072626,6970,1,1,0,False,False,True,False,0.3935772000004958,1,1,4218.316924629813,False,True
C00497,-1.6725450785982847,0.16201117318435754,5917,0,1,0,False,True,False,False,-0.2709709903874316,0,0,-8797.923274276549,False,False
C00498,0.45857919622867394,0.9944134078212291,2158,0,0,0,False,False,False,False,0.4560173012776758,1,1,1479.5219934438662,True,False
C00499,-1.7209797212079883,0.9217877094972068,5755,1,1,1,False,True,True,False,-1.586377955303453,0,1,-7982.19399341441,False,False
C00500,-0.4616790133556946,0.899441340782123,4292,0,1,0,False,False,False,False,-0.4152531907836136,0,1,7972.93827750381,True,False
